{"cameraMode":{"drawMode":0,"name":"Shaded","section":"Shading Mode"},"sceneLighting":true,"audioPlay":false,"sceneViewState":{"m_AlwaysRefresh":false,"showFog":true,"showSkybox":true,"showFlares":true,"showImageEffects":true,"showParticleSystems":true,"showVisualEffectGraphs":true,"m_FxEnabled":true},"in2DMode":false,"pivot":{"x":-3.8102855682373049,"y":-300.22357177734377,"z":103.26557159423828},"rotation":{"x":0.5745024085044861,"y":-0.0036832611076533796,"z":0.0025850918609648945,"w":0.8184941411018372},"size":168.74868774414063,"orthographic":false}