{"cameraMode":{"drawMode":0,"name":"Shaded","section":"Shading Mode"},"sceneLighting":true,"audioPlay":false,"sceneViewState":{"m_AlwaysRefresh":false,"showFog":true,"showSkybox":true,"showFlares":true,"showImageEffects":true,"showParticleSystems":true,"showVisualEffectGraphs":true,"m_FxEnabled":true},"in2DMode":false,"pivot":{"x":-14.14666748046875,"y":-157.34854125976563,"z":235.82537841796876},"rotation":{"x":0.2868896424770355,"y":-0.01149518508464098,"z":0.003442854154855013,"w":0.9578881859779358},"size":155.8800048828125,"orthographic":false}