{"cameraMode":{"drawMode":0,"name":"Shaded","section":"Shading Mode"},"sceneLighting":true,"audioPlay":false,"sceneViewState":{"m_AlwaysRefresh":false,"showFog":true,"showSkybox":true,"showFlares":true,"showImageEffects":true,"showParticleSystems":true,"showVisualEffectGraphs":true,"m_FxEnabled":true},"in2DMode":false,"pivot":{"x":7.375361442565918,"y":-171.84237670898438,"z":238.00872802734376},"rotation":{"x":0.3140413761138916,"y":0.017088161781430246,"z":-0.0056533608585596088,"w":0.94923996925354},"size":160.30235290527345,"orthographic":false}